{
    "compatibility": [
        {
            "tokenizer": "standard",
            "token_filters": {
                "*": true
            }
        },
        {
            "tokenizer": "whitespace",
            "token_filters": {
                "*": true
            }
        },
        {
            "tokenizer": "letter",
            "token_filters": {
                "*": true
            }
        },
        {
            "tokenizer": "lowercase",
            "token_filters": {
                "*": true
            }
        },
        {
            "tokenizer": "keyword",
            "token_filters": {
                "stemmer": false,
                "stemmer_override": false,
                "snowball": false,
                "hunspell": false,
                "shingle": false,
                "word_delimiter": false,
                "word_delimiter_graph": false,
                "dictionary_decompounder": false,
                "hyphenation_decompounder": false,
                "common_grams": false,
                "synonym": false,
                "synonym_graph": false,
                "*": true
            }
        },
        {
            "tokenizer": "classic",
            "token_filters": {
                "*": true
            }
        },
        {
            "tokenizer": "pattern",
            "token_filters": {
                "*": true
            }
        },
        {
            "tokenizer": "uax_url_email",
            "token_filters": {
                "*": true
            }
        },
        {
            "tokenizer": "path_hierarchy",
            "token_filters": {
                "reverse": true,
                "pattern_replace": true,
                "unique": true,
                "truncate": true,
                "*": false
            }
        },
        {
            "tokenizer": "ngram",
            "token_filters": {
                "lowercase": true,
                "asciifolding": true,
                "pattern_replace": true,
                "unique": true,
                "reverse": true,
                "uppercase": true,
                "stemmer": false,
                "snowball": false,
                "porter_stem": false,
                "stemmer_override": false,
                "shingle": false,
                "ngram": false,
                "edge_ngram": false,
                "common_grams": false,
                "word_delimiter": false,
                "word_delimiter_graph": false,
                "synonym": false,
                "synonym_graph": false,
                "*": "partial"
            }
        },
        {
            "tokenizer": "edge_ngram",
            "token_filters": {
                "lowercase": true,
                "asciifolding": true,
                "pattern_replace": true,
                "unique": true,
                "reverse": true,
                "uppercase": true,
                "stemmer": false,
                "snowball": false,
                "porter_stem": false,
                "stemmer_override": false,
                "shingle": false,
                "ngram": false,
                "edge_ngram": false,
                "common_grams": false,
                "word_delimiter": false,
                "word_delimiter_graph": false,
                "synonym": false,
                "synonym_graph": false,
                "*": "partial"
            }
        },
        {
            "tokenizer": "icu_tokenizer",
            "token_filters": {
                "*": true
            }
        }
    ]
}